business_name,income,loan_amount,gst_compliance_rate,monthly_upi_volume,utility_delay_days,vendor_trust_score,sector_type,afhi_score,owner_gender,region,business_size,years_in_operation,employee_count,rev_m1,rev_m2,rev_m3,rev_m4,rev_m5,rev_m6,rev_m7,rev_m8,rev_m9,rev_m10,rev_m11,rev_m12,risk_score,risk_label,approved
Vijay Infotech 001,487151.4,217864.04,74.83,4955.72,2.27,88.92,Services,69.7,Male,West,Micro,13,6,47711.29,36779.53,45040.83,46449.96,37288.51,40417.59,34588.96,30391.14,40911.07,37931.15,50221.78,42466.75,16.399999618530273,HIGH,0
Ganesh Traders 002,1666250.85,150075.13,92.98,16969.45,7.73,88.54,Retail,59.64,Male,West,Small,25,10,125996.26,125888.1,180606.95,188638.85,126017.59,172078.89,125745.32,116581.94,118208.63,111787.63,145381.67,146611.18,43.599998474121094,MEDIUM,0
Krishna Plastics 003,1415615.17,422691.55,100.0,10922.42,13.0,89.8,Services,53.27,Male,West,Small,27,7,144913.57,144237.7,119729.96,152501.92,118041.36,103242.23,99125.27,102146.26,98545.86,104379.69,147289.45,119609.74,33.29999923706055,HIGH,0
Global Food Products 004,685865.51,188437.3,58.35,6617.25,3.55,56.43,Retail,77.0,Male,North,Micro,13,4,52156.86,51648.08,73381.46,66025.15,37023.25,69358.87,44612.83,59735.8,52000.66,67175.95,58960.24,56614.05,30.299999237060547,HIGH,0
Ganesh Chemicals 005,1106490.44,409239.08,89.86,4890.41,3.19,82.18,Manufacturing,74.78,Male,Central,Micro,29,5,127520.19,100858.77,111459.29,85966.43,99262.93,88024.08,85956.77,83563.42,55269.75,111594.75,96074.48,121380.42,63.70000076293945,MEDIUM,1
Excel Pharma 006,962019.98,142979.75,73.6,11300.97,0.56,87.46,Services,82.31,Male,East,Micro,17,6,66058.78,94901.65,89502.08,101715.87,68398.14,96909.29,63527.04,69981.36,74630.67,65663.61,69765.89,103501.27,65.30000305175781,MEDIUM,1
Apex Foods 007,4753133.62,1714450.12,93.66,16339.93,1.55,63.56,Services,80.19,Male,South,Medium,12,16,367466.12,371910.4,422081.92,336182.85,444967.56,420338.36,362220.79,326755.51,500035.56,364985.79,469327.36,451579.1,63.20000076293945,MEDIUM,1
Shakti Traders 008,996263.49,237338.14,85.7,11578.83,1.51,78.13,Services,75.64,Female,East,Micro,1,4,97885.11,79550.78,126654.92,112713.75,73184.08,82840.1,72069.36,70069.86,70211.38,81209.66,76706.28,87305.65,58.20000076293945,MEDIUM,1
Sunrise Agro Tech 009,2209037.23,750763.85,96.43,28965.4,4.32,76.37,Manufacturing,80.35,Male,Central,Small,18,17,255244.57,205467.27,180658.42,207575.27,173530.19,173865.57,151871.97,187190.7,155765.74,198150.04,181520.13,215029.89,80.0,LOW,1
Global Infotech 010,565815.5,54793.52,100.0,4756.16,5.73,100.0,Retail,71.36,Male,Central,Small,19,7,54789.61,57414.18,55092.91,31098.74,57629.11,40766.08,38751.98,40121.69,45154.36,34339.6,50161.2,50954.68,66.19999694824219,MEDIUM,1
Shakti Textiles 011,1352926.89,370601.07,87.89,12004.36,4.48,100.0,Retail,78.19,Male,Central,Small,29,4,135658.07,147964.61,111907.72,117122.63,102609.23,108765.47,90029.21,90201.1,121107.34,84733.75,122102.71,117065.9,66.30000305175781,MEDIUM,1
Krishna Electronics 012,272869.19,81682.13,100.0,1747.09,1.04,54.7,Services,61.11,Male,East,Micro,21,1,25296.81,28087.76,32244.34,27335.58,25605.99,24609.69,14803.49,17700.78,22455.95,24152.36,17997.09,25536.89,39.0,HIGH,0
Sunrise Steel Works 013,4132200.76,702544.75,49.84,60405.47,11.54,100.0,Retail,77.55,Male,West,Medium,1,57,323253.13,394156.0,436369.05,363575.44,328914.61,327818.64,314756.34,268524.02,200747.73,241113.84,353593.43,343697.0,31.399999618530273,HIGH,0
New Chemicals 014,809794.94,112271.54,100.0,9445.49,1.09,65.19,Services,82.03,Male,South,Micro,17,11,69371.5,67848.05,67796.07,81800.53,68075.85,61312.67,60359.08,45320.26,63053.32,62297.89,80341.59,74857.19,72.0999984741211,LOW,1
Anand Exports 015,2738076.26,435790.05,90.63,19474.18,3.22,91.73,Retail,61.95,Female,West,Small,22,30,207148.84,216825.62,274821.07,217943.64,218949.92,209459.72,222373.35,172206.46,272422.02,231262.02,228926.94,251349.4,70.19999694824219,LOW,1
Global Foods 016,2939697.36,660077.45,100.0,13772.75,2.6,91.59,Manufacturing,72.78,Male,West,Small,15,16,219678.87,256089.86,284581.79,215649.84,262216.87,268461.05,194878.08,255163.04,230763.78,257511.1,251788.03,285517.52,92.30000305175781,LOW,1
Sunrise Food Products 017,1796565.82,216774.1,66.7,9422.53,1.48,64.06,Retail,62.65,Male,South,Small,13,13,176127.34,179917.71,154470.63,162143.22,127550.92,169051.57,166207.98,123377.09,106646.87,144989.73,163125.18,145157.88,31.5,HIGH,0
Sai Agro Tech 018,3160087.24,1510124.52,72.54,26225.65,7.53,84.91,Manufacturing,64.1,Male,South,Medium,24,16,242965.05,313189.51,328027.56,289658.02,213159.36,226054.81,214668.69,247619.27,236472.45,246274.45,274814.63,311448.84,19.299999237060547,HIGH,0
Shree Steel Works 019,1034504.76,258727.06,87.19,14774.91,1.85,76.49,Services,55.13,Male,North,Micro,18,4,100238.91,66857.04,102050.24,89445.36,74023.42,73984.91,64737.93,46055.78,60005.05,96108.32,77523.12,79616.16,28.200000762939453,HIGH,0
Anand Manufacturing Co 020,623369.05,261669.9,84.74,7278.97,1.6,85.76,Retail,90.99,Male,North,Micro,20,4,46383.54,51880.2,59980.17,67338.95,50067.78,52370.64,38210.93,47944.28,53031.49,53599.91,54953.57,50754.47,48.400001525878906,MEDIUM,0
Royal Chemicals 021,811108.0,396838.8,89.25,4210.09,8.8,81.23,Services,87.99,Male,East,Micro,14,7,78332.1,90349.18,75122.96,64560.02,62060.55,79247.15,43231.29,56092.05,49884.44,60390.27,82616.26,66513.03,33.599998474121094,HIGH,0
Bharat Foods 022,1328978.26,151382.34,100.0,17601.67,3.23,94.75,Retail,80.06,Male,East,Micro,9,9,113874.43,126871.07,131874.71,126937.27,116372.69,123798.42,117740.35,87383.18,96477.73,110203.18,99225.14,99336.2,79.80000305175781,LOW,1
New Chemicals 023,614133.22,217219.64,58.52,4438.65,0.07,79.06,Services,100.0,Male,North,Micro,16,6,68766.08,45624.65,59209.03,56598.25,58110.41,39650.13,53336.83,44705.09,38419.01,53549.89,51378.35,63034.01,31.100000381469727,HIGH,0
Balaji Chemicals 024,1214316.76,541575.34,99.61,15964.05,0.9,75.65,Services,69.16,Female,East,Micro,28,7,117732.04,155047.33,114182.11,84913.16,82028.42,92701.38,95354.83,79658.24,80036.77,125935.19,85328.87,92436.71,55.5,MEDIUM,1
Apex Pharma 025,1138877.29,394482.57,85.12,6288.02,4.36,93.34,Services,100.0,Male,West,Micro,18,7,124824.61,106979.9,95941.3,83342.23,80202.42,77891.37,71011.26,54998.91,99994.31,104984.34,115203.68,90804.43,58.5,MEDIUM,1
Royal Agro Tech 026,503559.38,131021.6,81.94,5153.05,5.61,86.13,Manufacturing,68.59,Female,South,Micro,21,6,41283.33,50246.69,58857.82,46021.52,31264.01,38421.27,46128.75,40624.19,36714.53,49086.42,44016.64,53297.77,10.5,HIGH,0
New Constructions 027,1320868.3,344815.4,62.93,18602.29,1.52,88.25,Retail,75.83,Male,South,Micro,4,17,123160.64,132084.21,103712.33,156312.89,136360.26,130262.68,90128.1,97022.41,86878.26,98938.8,102149.19,107579.6,42.5,MEDIUM,0
Global Enterprises 028,2301986.89,218867.23,92.55,13175.83,2.91,68.7,Manufacturing,66.03,Male,South,Small,29,15,181526.13,205203.78,228316.49,228256.76,190491.56,143936.01,159130.58,155459.47,136881.81,174889.56,206869.79,199250.02,74.19999694824219,LOW,1
Apex Logistics 029,1708220.84,520208.45,48.79,19066.45,6.73,63.37,Manufacturing,77.58,Female,East,Small,8,16,148148.85,143572.13,151564.65,115501.59,144908.01,102812.22,149578.93,103516.57,88210.47,135881.05,124078.53,129053.05,13.5,HIGH,0
Prime Agro Tech 030,554427.37,275710.11,94.73,8228.48,2.85,70.05,Retail,84.53,Female,South,Micro,29,3,49248.8,68953.7,65313.33,26980.78,35054.2,38593.63,43885.14,30629.21,32334.39,44731.69,41525.39,55552.46,52.400001525878906,MEDIUM,0
Sai Pharma 031,528210.32,254944.49,62.62,2314.87,2.22,69.31,Retail,70.29,Male,West,Micro,13,1,43522.52,57332.52,42559.26,53487.03,41792.3,43796.42,50611.85,38691.51,38560.19,36968.86,36565.51,53022.84,17.0,HIGH,0
Apex Textiles 032,620339.09,60152.84,85.8,2236.34,1.02,89.01,Services,98.65,Female,South,Micro,27,7,46900.77,65740.95,51441.23,55776.44,52840.06,53901.58,46352.88,54603.37,51086.39,60864.18,46187.51,61377.56,87.69999694824219,LOW,1
Krishna Textiles 033,2129285.92,801537.19,83.21,23267.64,7.35,91.66,Manufacturing,75.59,Male,East,Small,26,9,155136.97,218250.79,169587.31,227507.82,162111.43,180360.92,144247.15,155501.47,140024.44,198837.83,227164.92,204945.79,53.599998474121094,MEDIUM,0
Sri Enterprises 034,503349.6,104063.12,100.0,3395.95,13.86,75.83,Retail,76.06,Male,South,Micro,22,3,30207.17,40341.22,49190.34,39853.88,46259.47,47066.78,32931.0,28273.47,44651.96,39601.48,39710.04,45327.9,44.20000076293945,MEDIUM,0
Shree Food Products 035,1010149.55,463916.68,82.32,3424.97,0.2,98.03,Retail,58.37,Female,North,Micro,27,8,78602.23,113564.26,74758.88,96996.48,107657.98,59060.55,52605.84,74006.8,64719.09,91311.12,95800.42,82896.36,6.599999904632568,HIGH,0
New Food Products 036,436251.88,50000.0,74.59,3682.54,3.54,97.16,Manufacturing,78.28,Male,West,Micro,18,2,44134.09,35952.57,37741.75,44850.55,29618.3,40858.47,30111.89,30669.83,30202.86,37174.59,33818.1,34106.62,50.099998474121094,MEDIUM,0
Vijay Trading Co 037,732939.56,346729.61,77.4,8738.2,4.48,81.41,Manufacturing,69.99,Female,South,Micro,25,2,51520.58,72086.85,46257.63,62377.67,49108.49,55533.22,61861.47,58675.72,44100.6,66961.25,72368.73,77913.67,11.399999618530273,HIGH,0
Balaji Trading Co 038,857414.46,370179.96,100.0,5199.39,4.81,66.49,Retail,62.88,Male,South,Micro,5,5,63009.92,60999.97,82796.22,73222.09,58917.53,75633.3,67311.2,66295.28,70707.32,56443.25,64302.97,85130.47,31.899999618530273,HIGH,0
Anand Plastics 039,5512699.96,713077.89,93.04,36869.41,17.28,100.0,Manufacturing,60.35,Female,West,Small,3,79,646652.97,360875.95,475252.48,504826.33,541348.83,351210.59,398313.46,215707.93,520314.78,444627.12,491515.49,439949.35,78.80000305175781,LOW,1
Sai Associates 040,815325.07,85712.04,79.22,10657.31,0.47,77.15,Retail,100.0,Male,Central,Small,16,8,68190.2,80593.61,59029.44,80436.43,74608.27,64857.59,49966.33,62507.97,43067.25,66643.7,72842.53,73054.35,62.70000076293945,MEDIUM,1
Apex Logistics 041,3388870.65,1459170.5,81.45,30502.88,8.65,79.77,Retail,68.05,Male,West,Small,24,24,328436.64,280917.17,367289.85,308500.05,262724.62,278924.97,252422.59,204018.83,230673.34,305575.08,405272.18,288256.24,17.5,HIGH,0
Bharat Traders 042,1749641.04,254429.69,61.49,22805.08,2.29,73.25,Services,50.15,Male,Central,Small,23,5,177364.84,115816.03,131086.33,182938.99,139216.18,163188.08,145181.66,97553.68,149448.65,130669.9,169752.0,129466.42,16.200000762939453,HIGH,0
Bharat Plastics 043,1993865.87,607445.64,90.83,16110.17,7.45,65.54,Retail,61.53,Male,Central,Small,16,19,202681.29,203363.54,208050.9,169295.42,138457.92,120803.3,152906.28,137310.63,112081.49,102756.41,161016.31,182324.73,35.5,HIGH,0
Vijay Exports 044,861152.4,400102.46,58.6,12411.09,1.59,57.44,Manufacturing,71.23,Male,East,Micro,16,3,61442.98,107081.43,71822.53,62908.16,77244.7,68767.93,63584.01,64792.19,67082.65,59486.39,84175.33,71921.89,26.700000762939453,HIGH,0
Sri Steel Works 045,2027600.05,645442.29,96.28,21563.39,2.6,86.86,Services,80.2,Male,West,Small,18,18,180981.16,231163.88,234379.68,239831.02,151309.56,134935.54,128596.7,108331.12,172245.34,165658.15,237366.78,154793.2,83.4000015258789,LOW,1
Vijay Plastics 046,751638.12,185532.84,86.93,2968.02,1.34,67.03,Services,80.32,Male,South,Micro,26,8,52629.29,68175.56,77932.02,62352.43,57160.05,64277.27,61186.64,58898.45,54597.74,62571.48,50338.41,52094.18,64.4000015258789,MEDIUM,1
Excel Electronics 047,1679283.73,448212.15,100.0,22777.24,2.27,100.0,Retail,82.15,Male,East,Micro,25,13,212249.31,158640.71,132849.28,140137.31,145024.44,149046.61,64137.97,132637.87,130517.04,173439.95,130039.51,114487.34,74.30000305175781,LOW,1
Sri Food Products 048,1292080.71,137618.5,68.5,11132.33,2.13,62.79,Manufacturing,62.33,Male,East,Small,4,8,90889.26,138131.92,103860.59,116712.31,99364.78,122536.31,98419.16,92215.14,117268.84,115853.59,110459.01,108672.94,29.0,HIGH,0
Global Steel Works 049,1429692.73,696083.04,83.46,6105.48,3.54,60.4,Retail,77.11,Female,Central,Micro,18,4,111416.6,157586.48,145355.92,131744.44,109150.42,104524.39,142693.46,88136.01,132645.75,119329.41,118798.12,125716.36,50.400001525878906,MEDIUM,0
Ganesh Exports 050,588109.99,123782.31,100.0,2592.76,4.42,85.14,Manufacturing,58.86,Male,Central,Micro,12,1,45890.73,52625.56,52656.76,50540.94,46613.59,53250.23,32778.99,35556.43,41831.39,48257.97,49527.52,45504.99,66.9000015258789,MEDIUM,1
Apex Agro Tech 051,1575170.5,251291.15,100.0,17475.22,4.49,99.41,Manufacturing,62.71,Female,East,Small,24,12,112948.43,149369.9,143082.59,143326.13,139521.44,150768.3,109358.3,128811.6,104059.67,151395.55,112306.71,153994.14,72.80000305175781,LOW,1
Royal Textiles 052,949811.41,190095.13,74.56,2936.97,3.68,78.9,Manufacturing,58.23,Male,West,Small,15,12,105641.19,93649.77,105419.93,86133.95,93726.06,56889.92,68337.87,52054.44,58782.16,71385.81,101920.27,83767.29,18.799999237060547,HIGH,0
Sai Pharma 053,5095164.91,2471342.19,88.36,30990.94,4.83,86.01,Services,54.17,Female,South,Medium,29,28,642305.13,520635.89,421556.97,477018.22,438613.57,442210.57,341559.88,418751.1,419419.48,411289.68,355256.36,493093.51,32.900001525878906,HIGH,0
Sri Food Products 054,1671807.27,199948.39,85.03,7100.74,4.98,52.19,Retail,87.96,Male,Central,Micro,13,16,143549.87,154576.72,157952.52,98584.14,148239.03,151996.87,139148.77,115545.21,95330.94,115328.25,143736.98,144821.26,37.099998474121094,HIGH,0
Balaji Infotech 055,780878.41,346918.72,89.23,6257.54,2.69,68.51,Retail,82.33,Male,East,Micro,20,8,57902.02,72344.24,83202.59,91337.89,59941.91,59662.35,60236.39,54545.4,53939.8,78092.84,80074.56,61340.44,51.79999923706055,MEDIUM,0
Prime Food Products 056,1471153.21,555057.92,74.52,11297.61,9.36,62.97,Services,86.65,Male,East,Small,4,4,90385.3,167521.62,153758.58,131247.3,104058.75,95702.27,108394.55,77547.8,107249.66,128448.28,129811.13,133277.64,21.100000381469727,HIGH,0
Anand Trading Co 057,464884.53,199253.26,83.66,4194.86,3.54,51.47,Retail,72.59,Male,West,Micro,28,2,41410.9,51816.39,42291.61,46104.89,40397.25,42180.01,37492.48,32221.35,30858.49,34264.62,35153.23,33564.43,30.0,HIGH,0
Bharat Manufacturing Co 058,1447507.51,709100.59,61.03,8678.46,5.46,79.64,Retail,83.65,Male,West,Small,5,9,127490.17,146343.34,129066.56,104757.46,117490.0,94358.47,104532.26,112026.71,108287.09,117307.49,102349.22,139360.88,25.100000381469727,HIGH,0
Global Enterprises 059,366024.55,158746.66,87.03,1061.67,10.75,46.6,Manufacturing,45.58,Male,North,Micro,11,3,30537.55,43436.96,25216.95,31033.05,22784.15,28316.57,38942.55,20740.19,36387.99,32488.44,31324.74,28018.68,17.600000381469727,HIGH,0
Sri Steel Works 060,514223.78,244883.95,91.75,5234.71,7.84,59.49,Manufacturing,84.95,Female,South,Micro,25,4,49125.79,45701.78,40334.1,42181.36,38690.31,40629.14,37882.7,39168.87,36245.74,40806.56,40404.44,52110.04,39.900001525878906,HIGH,0
Bharat Logistics 061,909132.24,121198.97,81.59,6519.82,0.49,70.48,Retail,74.66,Male,North,Micro,29,10,89044.37,106651.93,88780.95,101224.38,71049.1,80022.41,67407.07,65290.56,61008.96,68954.1,83065.35,76864.79,53.29999923706055,MEDIUM,0
Global Infotech 062,3139288.06,1300391.05,60.77,33407.32,3.39,66.36,Retail,81.41,Male,West,Small,15,41,304336.73,320275.09,286541.94,261229.34,229404.2,226083.62,168116.69,200998.1,259714.4,233450.9,219767.49,324179.23,39.0,HIGH,0
Shakti Food Products 063,3306690.01,1022374.95,99.83,12758.32,3.78,83.55,Retail,77.7,Female,North,Micro,15,39,291249.93,465034.37,311659.78,335970.7,319832.66,235854.61,218778.2,264388.78,245938.46,286521.76,328847.03,244928.64,80.69999694824219,LOW,1
Krishna Exports 064,605348.91,186609.79,90.47,1617.62,6.96,82.28,Services,57.19,Male,South,Micro,2,9,46723.57,46895.5,65216.12,49837.66,51351.88,48832.55,51110.79,28729.24,52844.91,47234.21,54587.54,48436.42,25.200000762939453,HIGH,0
Royal Constructions 065,1663613.99,761181.69,74.11,9322.36,7.01,90.51,Retail,49.53,Male,East,Micro,29,19,169186.69,140723.03,127440.01,141466.44,158765.79,152201.68,95831.72,124031.57,122391.15,127839.35,151660.11,156643.86,23.399999618530273,HIGH,0
Anand Industries 066,916877.41,447580.68,80.79,7524.67,2.92,88.53,Retail,61.32,Female,West,Micro,1,12,84936.82,91936.0,82428.95,80565.31,75423.58,97888.68,44671.75,80763.64,63375.02,60451.18,98838.79,96004.07,15.399999618530273,HIGH,0
Royal Textiles 067,752554.72,282984.73,62.49,5588.4,2.92,93.97,Retail,80.47,Female,East,Micro,1,9,78856.14,75229.59,72126.39,81876.54,60280.04,46293.25,54472.57,64853.24,39574.03,62775.83,62325.18,83786.35,31.100000381469727,HIGH,0
Global Constructions 068,2015337.49,570006.21,69.62,25451.26,1.2,77.97,Manufacturing,82.35,Male,Central,Small,14,23,208429.16,245753.71,167996.94,131738.4,137076.97,167774.76,175022.92,151178.43,109538.27,161660.7,159188.79,180618.58,42.79999923706055,MEDIUM,0
Vijay Textiles 069,837193.97,227456.91,76.93,6047.03,1.7,82.25,Manufacturing,51.48,Male,Central,Micro,1,10,60901.12,71065.64,94784.27,61303.83,66369.44,55701.77,60690.11,56647.12,43556.29,65701.61,68110.77,95123.95,4.5,HIGH,0
Excel Traders 070,1715470.36,415595.7,100.0,15663.13,6.53,85.16,Retail,57.28,Male,North,Small,5,24,124494.28,183812.92,181679.15,110788.01,136018.62,157200.01,117342.43,109980.86,130171.79,145669.44,147666.32,146156.87,70.69999694824219,LOW,1
Balaji Manufacturing Co 071,1323557.07,306895.28,75.41,13128.29,5.93,79.98,Manufacturing,61.15,Male,Central,Small,19,11,108511.17,146643.28,128729.15,101050.42,83260.45,90396.87,68762.91,89538.43,75608.57,121381.21,115718.0,137318.13,11.0,HIGH,0
Excel Electronics 072,403446.02,98615.47,94.6,1118.71,4.18,72.44,Retail,66.64,Male,West,Micro,21,4,31393.59,42085.88,47722.88,32325.37,29342.7,28824.19,31033.49,30924.56,34421.07,36767.64,31305.06,30856.12,31.5,HIGH,0
Balaji Exports 073,375134.62,50000.0,76.93,3353.39,0.12,73.35,Services,51.57,Male,West,Micro,9,3,38615.79,30290.04,27102.86,25935.39,28246.52,27183.36,29702.99,23366.64,27055.31,33496.93,23160.95,35519.01,8.300000190734863,HIGH,0
Global Pharma 074,2250408.79,253223.1,88.72,15326.16,4.66,66.55,Manufacturing,50.67,Male,North,Small,24,29,219045.77,257145.57,209503.48,182695.07,189130.04,176838.21,118782.12,177606.56,155652.04,178862.34,182690.38,130036.22,55.29999923706055,MEDIUM,1
Pioneer Food Products 075,706799.83,288052.97,82.88,5489.01,11.46,83.9,Manufacturing,59.67,Female,West,Micro,18,5,76128.46,78978.54,69496.35,44994.35,59802.87,58906.56,59578.39,66118.79,44322.05,53323.63,66031.5,52362.86,2.5999999046325684,HIGH,0
Mahalaxmi Associates 076,602479.17,161073.18,98.1,2261.46,1.16,76.68,Manufacturing,73.29,Male,West,Micro,7,7,59020.41,61952.44,48450.03,46570.95,43519.54,51365.19,48383.79,42301.42,47292.93,41899.41,54494.65,57418.87,79.9000015258789,LOW,1
Sunrise Trading Co 077,4075661.18,1919177.85,76.98,50070.55,5.3,68.72,Manufacturing,54.29,Male,East,Medium,21,50,388644.31,396300.78,397001.68,438771.4,345208.56,323690.08,343452.73,230594.78,257304.3,306164.52,426265.66,291550.9,68.0999984741211,MEDIUM,1
Shree Logistics 078,6039047.5,2035961.13,61.41,86237.92,10.82,68.73,Retail,70.26,Male,North,Medium,18,87,658879.26,589072.2,469433.97,584291.8,464844.48,384278.29,473095.58,341657.75,369492.78,499427.45,692309.53,572341.98,71.5999984741211,LOW,1
New Textiles 079,1776546.68,168370.28,64.27,4935.89,2.39,61.05,Retail,87.88,Female,East,Small,24,9,175839.73,165627.2,182732.29,166630.89,80071.77,156632.23,140520.4,140569.96,150284.57,129210.88,175407.32,179750.95,28.600000381469727,HIGH,0
Royal Handlooms 080,584683.15,85457.17,77.02,5856.86,6.73,91.7,Services,52.47,Male,Central,Micro,5,6,54614.1,60463.4,63141.62,45317.04,42904.61,46106.7,45406.98,41065.2,44210.76,48905.67,62573.25,48161.23,16.399999618530273,HIGH,0
Sri Food Products 081,2997072.32,498845.64,66.26,36108.88,2.78,79.1,Retail,68.9,Male,West,Small,7,35,338659.21,284076.62,290749.39,210421.5,275557.51,279749.15,244016.64,240339.04,207594.66,211339.79,296212.41,228148.34,34.599998474121094,HIGH,0
Anand Industries 082,3575418.36,1751272.56,91.15,21667.37,11.61,65.92,Retail,87.37,Male,North,Small,9,50,336307.42,294386.0,240627.81,270447.35,211561.57,254034.94,187289.0,233107.62,281398.63,221363.76,398207.1,295808.7,7.400000095367432,HIGH,0
Sri Food Products 083,1039376.06,178622.78,78.01,12830.52,0.05,89.32,Services,65.73,Male,Central,Micro,10,14,91717.08,82635.42,82825.22,94207.11,83640.79,62762.25,58012.96,82838.34,74722.87,96237.38,117706.92,79164.8,17.299999237060547,HIGH,0
New Steel Works 084,2641432.01,783494.65,100.0,27482.62,1.69,70.15,Manufacturing,63.39,Male,Central,Small,26,25,213542.04,221092.01,267045.41,272357.88,258732.94,208893.23,169267.4,182753.56,200539.29,202304.29,267538.9,231698.7,90.69999694824219,LOW,1
Global Agro Tech 085,1510321.07,714675.34,58.93,21317.48,3.23,58.31,Manufacturing,89.45,Female,North,Micro,22,14,154376.15,147237.62,141215.22,156435.76,105882.34,143391.6,106676.44,95275.9,95148.59,108899.91,148058.18,136583.33,64.30000305175781,MEDIUM,1
Royal Logistics 086,1428167.17,700403.09,88.05,21083.4,6.74,92.3,Manufacturing,67.41,Male,Central,Micro,16,6,156556.82,134194.34,79320.53,142615.35,113053.66,116264.23,108866.67,95126.34,134380.2,98439.87,122694.22,121366.95,55.400001525878906,MEDIUM,1
Apex Foods 087,1103395.07,197807.16,68.08,3342.54,2.08,70.48,Retail,88.57,Female,East,Micro,16,16,101249.6,107461.37,122012.58,89525.51,70237.23,85080.91,83353.32,64156.69,72331.64,96755.59,97197.4,122961.73,28.399999618530273,HIGH,0
Bharat Infotech 088,1094738.79,110162.92,77.6,8825.48,1.86,72.28,Retail,78.43,Female,East,Micro,26,6,121082.12,111040.9,104125.31,100240.19,107776.99,75659.12,92072.85,100735.7,96942.61,108885.14,92119.17,86985.55,40.900001525878906,MEDIUM,0
Apex Plastics 089,1052504.49,152100.34,87.12,9827.6,6.14,78.58,Manufacturing,66.86,Male,East,Micro,13,12,68560.48,89953.87,86045.02,91391.13,82248.26,105721.45,88877.72,73512.72,73424.67,81538.83,101986.71,113312.04,26.100000381469727,HIGH,0
Sri Steel Works 090,937836.74,99971.48,50.12,4064.86,3.36,94.0,Retail,79.2,Male,West,Small,7,11,85994.36,107931.46,100455.26,82976.3,74734.26,63034.55,58716.18,72890.19,75484.41,74830.43,74146.65,70485.9,61.099998474121094,MEDIUM,1
Pioneer Electronics 091,5761176.76,933035.14,88.55,38620.47,6.32,78.28,Manufacturing,76.81,Male,Central,Medium,4,46,529494.76,521706.58,482391.22,686192.73,548522.95,408121.17,429854.13,375415.04,459183.01,551408.81,496026.28,518745.98,84.5999984741211,LOW,1
Sri Manufacturing Co 092,824137.79,262734.53,100.0,12234.81,4.6,61.21,Retail,87.31,Female,West,Small,10,4,67892.82,72697.53,68880.46,55314.07,71688.71,71111.35,51816.35,49190.78,69348.51,49501.15,47243.71,86432.35,41.599998474121094,MEDIUM,0
Royal Logistics 093,1091103.66,505430.3,78.2,2949.12,0.93,85.61,Retail,63.77,Male,Central,Small,19,5,136962.44,110387.66,107161.36,96036.79,75003.11,62584.66,76377.61,74613.85,68458.97,116512.28,121711.47,113676.33,16.0,HIGH,0
Krishna Constructions 094,7787833.5,2380210.59,88.9,63520.29,2.94,71.21,Retail,72.62,Male,Central,Medium,14,102,712940.6,532333.57,919771.82,839618.17,556449.7,737402.13,588069.93,643090.86,649347.87,877583.83,667476.57,649929.91,73.9000015258789,LOW,1
Global Manufacturing Co 095,1235471.09,423662.33,100.0,16102.12,5.78,100.0,Manufacturing,71.08,Male,North,Micro,13,10,107249.35,102737.77,143194.1,87927.95,105026.62,107401.36,43491.92,80718.83,113269.06,60517.49,116994.58,119204.78,81.4000015258789,LOW,1
Ganesh Foods 096,1707518.94,281372.22,82.54,11182.14,7.73,77.98,Retail,82.56,Female,South,Micro,14,6,158498.02,184801.13,167734.25,140733.94,122473.56,154036.79,167487.5,105210.32,117835.7,138737.1,184448.79,161695.99,11.399999618530273,HIGH,0
Royal Logistics 097,708578.14,294942.2,76.29,6021.13,1.69,46.71,Retail,56.62,Male,West,Micro,29,8,45834.68,49428.12,70622.69,59513.38,38264.93,61039.51,55378.56,51388.05,51137.82,52126.1,65636.77,58001.04,3.0999999046325684,HIGH,0
Excel Food Products 098,456219.07,154873.3,50.86,6718.09,5.72,83.0,Manufacturing,87.25,Male,East,Micro,29,2,37375.51,50256.9,47569.67,40226.59,35814.33,35387.95,29926.92,34752.48,30182.84,36124.26,49199.93,44389.51,15.5,HIGH,0
Sri Foods 099,1439464.03,637592.55,94.61,12143.26,0.42,100.0,Manufacturing,78.99,Male,North,Small,5,19,152727.95,166587.91,108867.27,99883.98,88619.28,96174.52,133668.46,127154.23,97977.05,111244.47,103827.16,164031.21,75.9000015258789,LOW,1
Royal Traders 100,854155.44,408725.42,83.3,3533.23,2.47,100.0,Services,52.25,Female,North,Micro,4,5,71527.25,76118.67,87302.65,84882.2,83980.55,66469.4,58322.0,63746.18,77067.73,79006.74,102937.83,81462.04,19.0,HIGH,0
New Enterprises 101,844370.94,190927.74,69.81,2656.83,2.04,100.0,Services,90.12,Male,East,Micro,8,4,68366.51,83148.35,70032.97,84730.26,68590.74,57299.81,62032.77,65621.2,51490.48,68448.38,87048.78,81596.7,43.099998474121094,MEDIUM,0
Anand Associates 102,1430726.71,168887.57,86.9,20484.73,11.49,63.72,Retail,100.0,Male,West,Micro,25,5,158275.56,157638.88,139719.43,140477.71,97847.22,122020.43,95531.05,112335.47,88204.05,101853.59,130797.79,140282.17,27.799999237060547,HIGH,0
Shakti Plastics 103,677535.76,118494.34,76.24,3945.03,0.6,90.77,Manufacturing,87.03,Female,North,Micro,14,6,75241.83,59445.82,60994.23,53741.38,47997.7,60374.23,60899.88,39712.37,60398.42,54424.41,72893.8,47122.68,56.79999923706055,MEDIUM,1
Unity Textiles 104,4839432.25,1277094.51,77.07,42590.87,9.99,67.89,Services,93.4,Female,North,Medium,26,39,482171.54,516002.16,484964.04,447227.87,274429.62,469896.98,343115.66,293411.82,380001.21,429856.63,353767.38,460801.64,75.30000305175781,LOW,1
Prime Foods 105,495111.98,236263.15,94.09,1799.12,1.83,81.14,Services,73.28,Male,North,Micro,19,5,42654.51,42008.4,46963.8,39074.8,32718.81,41550.66,36464.78,29383.77,46852.91,33576.42,41986.3,37373.54,67.5999984741211,MEDIUM,1
Prime Manufacturing Co 106,1016637.79,242864.73,64.92,7925.39,2.67,60.18,Retail,47.08,Male,East,Micro,17,8,90625.27,89042.48,51076.96,88120.18,92715.72,92019.01,86456.31,57652.22,68058.73,63128.35,109635.79,82539.0,14.0,HIGH,0
Apex Manufacturing Co 107,812935.54,328202.2,100.0,11483.79,2.27,68.98,Retail,44.34,Female,North,Micro,9,5,66100.05,67499.82,77801.81,98120.01,85867.23,61739.26,63699.09,64487.13,59470.97,87068.57,51877.36,95888.79,48.900001525878906,MEDIUM,0
Shakti Electronics 108,557906.21,171277.32,64.03,4898.51,8.61,68.53,Manufacturing,75.83,Female,East,Micro,10,3,43888.51,55340.45,57007.65,51628.07,48960.12,41165.87,39860.79,41259.11,36085.81,41570.04,53609.64,47804.56,6.800000190734863,HIGH,0
Anand Enterprises 109,1442784.26,226199.26,75.06,21121.19,1.94,90.58,Manufacturing,63.12,Male,East,Small,5,8,112505.34,159761.28,143467.71,108178.28,112597.61,122834.02,121240.48,103469.55,105812.53,116516.1,138095.72,114240.11,9.399999618530273,HIGH,0
Unity Handlooms 110,740266.06,158941.29,100.0,4245.76,13.35,89.21,Services,58.28,Male,East,Micro,16,10,62101.94,67910.97,67933.88,69360.88,54784.89,55431.85,73629.13,32059.58,39004.57,57397.66,84998.49,77334.34,18.0,HIGH,0
Mahalaxmi Textiles 111,709116.6,251268.8,100.0,6245.06,8.0,81.88,Retail,71.06,Female,West,Micro,9,3,55390.8,54143.8,82372.48,51574.69,48064.41,58642.97,53512.79,65749.92,56142.46,63278.51,47930.8,54182.17,25.200000762939453,HIGH,0
Anand Chemicals 112,1967990.33,713590.19,86.46,26064.33,3.84,59.09,Manufacturing,81.23,Female,East,Micro,9,29,139285.79,155514.63,191991.1,147248.35,203852.74,131532.72,144245.76,120762.84,148149.28,205425.55,216558.48,163523.53,72.9000015258789,LOW,1
Excel Pharma 113,1545374.76,405814.01,70.89,12522.41,1.22,73.64,Manufacturing,50.21,Female,West,Small,2,10,147593.34,154426.7,153490.76,118966.47,118830.01,106595.42,114169.21,143228.32,109993.64,138511.28,125484.99,163434.46,30.299999237060547,HIGH,0
Krishna Industries 114,1436976.69,252952.66,77.06,8612.65,4.47,67.55,Retail,65.27,Male,West,Small,24,5,137543.42,173071.37,154915.21,122357.6,149800.99,125110.72,123858.41,79700.36,97127.95,91502.03,118831.7,128811.63,8.100000381469727,HIGH,0
Bharat Industries 115,568794.52,217962.54,86.1,7504.36,3.1,90.18,Manufacturing,94.65,Male,Central,Small,28,3,66010.13,56831.64,55897.15,59183.82,54419.85,51226.4,37290.13,35398.28,35356.22,37163.4,41175.84,38795.07,72.9000015258789,LOW,1
Global Industries 116,1038093.4,156675.99,85.56,7654.5,5.7,94.49,Services,55.87,Female,West,Small,15,3,86363.1,92254.21,83721.16,102921.24,60698.26,70317.02,71656.57,49260.31,82666.36,80475.15,77000.67,100007.07,29.899999618530273,HIGH,0
Apex Chemicals 117,1423263.86,673774.92,83.64,13000.15,6.49,92.79,Services,85.05,Female,East,Small,16,17,137444.97,149708.63,84135.43,140029.71,101378.35,124514.24,78880.2,106345.82,84234.37,112635.71,133792.75,119230.22,62.20000076293945,MEDIUM,1
Sai Pharma 118,576036.6,91543.45,84.54,8471.53,20.53,67.43,Retail,64.73,Female,East,Micro,27,5,55760.73,52393.3,49846.37,43888.98,41009.64,42129.61,34125.84,34080.16,44532.62,35229.66,42540.08,63158.02,1.0,HIGH,0
Pioneer Food Products 119,1619627.3,202568.72,81.78,7824.49,2.22,39.65,Retail,80.19,Male,South,Micro,15,10,144054.33,144131.85,168185.68,135760.19,126633.25,129061.34,107607.15,96308.8,152465.9,149962.4,159503.67,131141.92,18.799999237060547,HIGH,0
Krishna Trading Co 120,747421.03,216013.67,63.37,4684.47,6.88,53.26,Retail,88.46,Male,East,Micro,19,8,76825.2,60376.94,65972.82,70968.84,58611.65,72039.25,53388.25,42064.53,65619.08,51587.38,59662.37,77069.67,30.399999618530273,HIGH,0
Krishna Constructions 121,1545835.26,460984.82,77.25,4464.94,2.35,97.9,Retail,83.12,Female,North,Micro,13,16,159554.24,176651.75,161392.45,127734.3,177307.79,137760.18,140902.23,122327.8,85927.67,156015.84,112089.58,174359.97,35.900001525878906,HIGH,0
Apex Trading Co 122,1674210.58,491282.07,98.72,12385.76,1.44,72.38,Retail,85.64,Male,Central,Small,15,23,162406.01,97790.99,159523.92,146359.76,111079.82,148968.74,130296.85,131313.91,110523.89,175750.52,136651.3,130086.82,49.79999923706055,MEDIUM,0
New Handlooms 123,826922.9,217811.78,64.47,4136.51,3.8,67.49,Manufacturing,54.73,Female,Central,Micro,16,12,73528.24,87352.08,91963.46,80434.11,67685.59,84551.39,51417.41,74533.01,63122.85,65646.22,76999.6,71518.85,7.900000095367432,HIGH,0
Shree Infotech 124,1552848.86,773042.72,82.16,17082.02,1.88,100.0,Retail,88.7,Male,North,Small,21,17,135881.61,136311.18,138322.29,134254.18,134247.67,110402.01,99643.85,98731.2,110312.78,136473.83,131916.62,146373.9,47.70000076293945,MEDIUM,0
Bharat Manufacturing Co 125,1626430.23,462293.04,72.7,7752.41,0.24,95.71,Manufacturing,59.21,Male,West,Small,18,20,119531.89,143999.44,162222.23,153409.68,128676.32,110164.78,141318.46,119048.62,92259.46,109327.54,144904.94,126235.14,13.399999618530273,HIGH,0
Krishna Steel Works 126,1916958.4,538162.23,86.67,20962.25,0.74,78.34,Retail,75.89,Female,North,Micro,15,23,155821.5,226762.93,192225.53,216664.23,154204.57,135871.92,161422.38,109580.64,145584.31,172853.3,187661.94,177664.82,50.400001525878906,MEDIUM,0
Excel Trading Co 127,1272488.98,327210.04,79.17,7372.09,0.89,73.89,Manufacturing,75.87,Male,West,Medium,3,10,106681.08,107191.91,145314.43,113095.84,84916.24,97287.54,92049.97,85649.28,91222.17,97084.26,131105.45,109515.88,55.5,MEDIUM,1
Anand Textiles 128,596734.24,64487.17,100.0,4141.47,1.54,76.15,Manufacturing,79.28,Male,North,Small,27,6,45873.67,50555.34,41379.94,64070.16,47976.51,30681.02,40132.04,38999.27,55145.38,41180.15,50433.6,51196.89,88.30000305175781,LOW,1
Pioneer Chemicals 129,1237265.9,407112.18,92.6,8488.58,9.77,81.18,Manufacturing,77.05,Male,East,Small,26,4,121951.15,114445.62,107388.44,122345.92,105421.05,95289.01,104164.71,93793.97,85456.4,97593.09,92492.04,111011.42,61.5,MEDIUM,1
Shakti Pharma 130,817590.4,143688.62,65.32,9369.09,3.55,100.0,Retail,59.34,Male,West,Micro,6,9,89166.54,81923.14,85901.36,58172.45,67878.91,59680.76,50119.36,66782.07,68983.81,62705.96,73297.59,73600.68,7.5,HIGH,0
Excel Logistics 131,1146133.92,398620.53,95.07,9548.86,2.28,83.91,Manufacturing,51.75,Male,West,Micro,9,16,91540.69,100964.23,131594.82,87275.05,98456.15,101815.75,87415.99,93301.78,66647.81,89896.93,108764.32,104594.86,58.099998474121094,MEDIUM,1
Apex Steel Works 132,1028278.31,104216.06,73.38,7214.64,5.75,88.16,Services,85.09,Male,East,Micro,29,3,99120.57,74109.51,99290.65,82079.41,98614.3,86057.69,99322.21,63661.3,62442.03,96866.67,71174.77,83361.26,69.9000015258789,MEDIUM,1
Vijay Trading Co 133,669796.93,329662.39,76.35,8813.04,3.62,94.37,Retail,74.79,Female,Central,Micro,10,8,52325.12,54985.69,59686.67,53269.97,60453.46,48444.21,49734.6,54577.96,53294.21,48723.43,51438.8,54690.27,17.700000762939453,HIGH,0
Balaji Handlooms 134,1351025.74,374209.99,89.71,13036.56,4.23,61.62,Manufacturing,89.24,Male,West,Micro,24,19,119206.9,151959.38,140221.21,121584.05,108056.03,116895.26,85997.89,95114.18,112766.02,140393.59,106834.8,118194.43,44.5,MEDIUM,0
Sri Steel Works 135,6792899.5,3101890.99,77.62,35138.89,2.67,88.57,Retail,71.33,Male,South,Medium,23,36,563056.32,648058.31,715623.23,676847.82,443070.16,598541.07,519442.53,457973.7,417663.69,448791.0,583345.89,600977.01,38.0,HIGH,0
Pioneer Exports 136,1779830.9,497882.23,98.39,24474.71,1.35,73.88,Manufacturing,50.92,Male,West,Small,25,16,179427.42,179278.29,156937.46,192943.55,128169.7,125167.3,119170.08,112731.4,128246.0,182320.74,139753.05,148092.84,66.30000305175781,MEDIUM,1
Unity Food Products 137,1313468.11,138359.34,73.38,8909.42,3.39,42.77,Services,86.49,Male,West,Micro,1,18,109082.25,119058.75,128485.61,125366.12,100516.29,96685.08,74829.23,85267.33,74758.81,91790.34,128772.03,122674.37,65.19999694824219,MEDIUM,1
Pioneer Electronics 138,930219.12,395649.81,75.72,2778.79,3.14,48.21,Retail,66.44,Male,South,Micro,15,13,99063.45,79078.99,102052.66,79190.09,76398.75,49259.97,74053.96,83153.96,64970.44,76691.11,62601.32,60299.96,11.399999618530273,HIGH,0
Ganesh Handlooms 139,612994.54,215919.46,75.15,5322.33,7.03,63.75,Services,77.13,Male,West,Micro,17,2,54590.51,72385.1,73334.65,38456.33,45028.47,40754.76,51560.64,45446.21,49535.47,46828.9,41460.07,48616.6,11.600000381469727,HIGH,0
Shree Trading Co 140,1150562.19,469818.22,76.52,4658.89,3.49,85.44,Manufacturing,62.29,Male,Central,Micro,25,7,96018.79,105484.55,119181.9,106076.56,78269.46,81271.46,79014.82,83676.15,77216.1,89980.01,96876.95,98176.76,17.200000762939453,HIGH,0
Pioneer Constructions 141,4289142.1,1114453.55,100.0,23508.06,1.68,79.59,Retail,96.66,Male,Central,Medium,7,48,322031.99,377743.45,402410.95,392808.61,278924.35,344732.68,291482.67,292014.6,296439.38,396180.55,370168.19,332971.64,69.0999984741211,MEDIUM,1
Sri Textiles 142,812216.93,282597.43,94.43,9615.74,1.57,80.58,Retail,58.85,Female,West,Micro,9,4,77952.78,89227.13,75087.64,76131.3,48355.09,55406.92,50068.7,78681.18,48431.41,82039.82,56285.23,90022.93,39.400001525878906,HIGH,0
Shree Manufacturing Co 143,1695231.06,745251.0,100.0,7008.76,16.66,100.0,Services,66.94,Male,West,Micro,6,11,177795.41,142605.44,171212.37,203516.07,129423.35,124373.95,119368.48,143659.03,109873.76,164745.38,136587.75,151420.3,37.599998474121094,HIGH,0
Vijay Exports 144,476662.48,164471.19,100.0,5999.66,0.12,60.23,Retail,73.61,Male,South,Small,23,1,45880.83,40958.53,43655.89,51577.88,29404.96,30925.37,31439.65,30127.38,43247.41,36917.13,39709.22,43581.75,66.69999694824219,MEDIUM,1
Sunrise Logistics 145,399516.66,90299.92,69.54,5677.67,9.2,77.62,Retail,55.62,Female,West,Micro,29,1,49346.31,37749.97,38295.69,40739.73,26870.71,32572.31,24414.46,27151.73,28997.4,33853.29,33323.59,33005.34,4.900000095367432,HIGH,0
Pioneer Textiles 146,448344.69,160625.06,86.06,4520.05,4.37,82.26,Manufacturing,76.96,Female,South,Micro,5,4,50346.4,42300.39,35156.52,34999.57,33383.19,37914.26,41462.71,30753.12,27349.76,32632.11,40646.21,39839.25,55.5,MEDIUM,1
Apex Agro Tech 147,1353723.74,490289.98,67.36,15404.69,5.32,67.69,Manufacturing,96.18,Male,East,Small,7,14,119396.04,132689.32,150720.02,113996.28,85659.43,114100.74,104338.1,98037.76,92602.77,95021.49,108085.03,98595.84,44.599998474121094,MEDIUM,0
Mahalaxmi Trading Co 148,1429300.78,690990.49,73.34,16322.38,7.4,78.4,Retail,64.64,Male,South,Small,9,15,125853.66,177154.1,110432.55,128539.23,119549.83,113824.39,111798.73,90640.13,78029.18,97590.72,154776.26,124064.04,7.900000095367432,HIGH,0
Prime Pharma 149,1910026.95,450352.22,75.55,28478.69,4.8,55.6,Retail,77.93,Male,South,Medium,26,23,189050.58,189288.55,166482.91,153983.41,167931.53,116729.9,155819.28,144273.79,116270.96,147157.14,181701.05,146213.57,22.0,HIGH,0
New Infotech 150,991943.06,256451.35,69.14,6714.69,2.6,97.74,Manufacturing,30.76,Male,North,Small,13,7,80189.24,60201.81,93806.24,97287.8,72027.63,71516.22,79718.02,85611.18,85749.38,84854.69,77280.05,84675.35,9.399999618530273,HIGH,0
Apex Associates 151,527778.51,222243.12,69.22,2393.85,12.46,68.46,Services,71.42,Male,Central,Micro,9,3,57337.52,52229.89,63881.72,50726.66,39027.57,39389.47,35662.33,30033.53,37082.46,31038.85,47444.97,28958.06,9.5,HIGH,0
Anand Foods 152,5546690.75,1621964.26,82.84,49862.48,6.81,100.0,Services,67.3,Male,North,Small,10,14,540684.33,526270.92,484195.12,423415.44,474318.8,414229.07,415887.16,326574.31,511171.08,454181.55,500799.02,410448.23,29.5,HIGH,0
Vijay Enterprises 153,9990664.91,3889972.27,66.75,91570.66,1.92,77.55,Manufacturing,59.72,Male,North,Medium,18,50,959308.22,948703.42,838141.7,1075067.29,705932.5,803080.2,690629.12,656725.17,707029.58,1011131.42,1046919.37,1085265.71,30.299999237060547,HIGH,0
Global Traders 154,1321298.19,360817.44,97.63,6241.69,10.52,92.39,Retail,88.22,Male,Central,Small,12,8,134760.81,129255.53,112975.0,122391.19,92283.79,127487.13,101438.74,87505.28,94351.78,127284.65,106571.17,132346.22,44.400001525878906,MEDIUM,0
Pioneer Plastics 155,3383763.42,576958.6,71.23,34392.12,0.37,77.25,Manufacturing,67.11,Female,East,Medium,5,15,393729.05,317864.83,393856.8,228634.51,315830.63,301736.76,256240.16,311694.79,266295.04,254522.67,334456.0,361021.25,31.700000762939453,HIGH,0
Apex Handlooms 156,913828.32,359121.38,100.0,2445.92,13.03,77.57,Retail,69.34,Male,East,Small,24,2,86662.51,85533.92,49242.15,82726.0,81906.35,61879.43,62048.63,74494.18,39307.18,59562.82,81509.37,98336.92,15.300000190734863,HIGH,0
Sunrise Manufacturing Co 157,625267.47,84464.36,78.23,8813.68,5.57,69.82,Manufacturing,66.34,Male,West,Small,13,2,56834.11,64414.85,49511.75,59448.92,53944.92,54759.59,36059.85,50589.6,46271.62,55113.62,67823.17,61314.18,6.300000190734863,HIGH,0
Unity Plastics 158,765598.17,125102.67,86.08,4445.97,0.31,79.67,Retail,43.25,Male,South,Micro,8,8,86810.2,66356.52,100590.96,80036.81,68997.25,66701.66,56359.11,52106.43,54562.88,41184.25,81002.2,63559.06,20.600000381469727,HIGH,0
New Associates 159,985667.16,338346.51,65.57,2951.58,6.21,82.45,Retail,55.02,Male,North,Small,22,10,104365.36,79772.81,100010.35,85369.89,54866.0,68876.45,68826.37,66854.3,86541.16,94808.96,89950.02,74133.26,7.199999809265137,HIGH,0
Sri Plastics 160,777957.79,306401.26,100.0,2997.56,2.43,67.02,Services,86.42,Male,West,Micro,22,11,68469.35,106685.62,60479.58,79786.8,74065.24,69713.08,40149.31,43128.21,63936.35,62092.63,66244.45,81211.25,59.599998474121094,MEDIUM,1
Sai Pharma 161,729341.3,332411.09,100.0,4013.65,2.02,76.25,Manufacturing,40.35,Female,North,Small,5,9,67489.91,61420.43,67549.93,68405.19,61110.26,56579.97,56538.33,57749.54,43459.04,76658.95,69560.75,65591.11,35.5,HIGH,0
Balaji Chemicals 162,1109048.25,215694.72,89.45,6569.81,5.57,69.46,Services,60.51,Female,East,Small,3,10,105551.82,106203.88,104413.36,81219.69,101070.45,69512.54,91457.7,84387.78,94460.88,67759.18,95644.06,135736.94,31.899999618530273,HIGH,0
Apex Agro Tech 163,4371445.45,553006.16,64.8,12721.45,3.99,100.0,Manufacturing,66.0,Female,Central,Medium,2,18,426135.8,319894.03,459146.33,314148.3,366021.69,371208.17,434319.01,369566.02,301502.5,410097.34,485143.52,368038.46,55.900001525878906,MEDIUM,1
Prime Electronics 164,4873853.87,2346953.63,88.16,29203.82,8.1,76.74,Manufacturing,98.15,Female,Central,Medium,23,46,358950.08,467852.51,579603.76,519509.05,388520.23,400026.16,330483.4,334487.12,302449.24,395822.83,437098.57,562579.26,62.900001525878906,MEDIUM,1
Sunrise Plastics 165,1000078.24,144869.03,68.18,4912.16,0.44,99.63,Retail,83.53,Female,South,Micro,19,3,71075.53,81143.8,98643.65,107604.21,75872.42,76780.36,66218.67,69368.35,73924.32,78368.2,83252.15,86981.34,53.0,MEDIUM,0
Excel Associates 166,838823.43,136745.11,100.0,6067.01,5.97,75.26,Retail,63.64,Female,West,Small,23,6,67236.58,73885.57,71851.28,80232.01,70035.48,66302.67,50368.74,60963.82,58392.31,54954.47,69226.45,89686.56,42.0,MEDIUM,0
Krishna Manufacturing Co 167,2488878.75,503645.45,97.14,18205.14,4.99,81.63,Services,91.57,Male,West,Small,19,18,196828.08,271619.93,259360.2,278001.08,187745.96,176499.13,184895.73,199984.98,219927.72,223563.96,180470.25,278101.87,73.5,LOW,1
Royal Chemicals 168,544023.09,164482.32,86.43,3665.41,6.72,59.5,Services,60.89,Male,East,Micro,12,4,45444.4,54959.28,45394.26,57497.0,48655.41,47201.53,40377.63,30052.35,41054.24,49407.89,52247.4,41020.6,15.100000381469727,HIGH,0
Sunrise Trading Co 169,1113792.9,502083.07,48.45,7349.97,2.15,71.74,Manufacturing,87.14,Male,North,Micro,18,6,112790.05,114039.04,87719.12,112030.31,67164.99,87957.29,70467.65,87649.67,82432.57,116431.47,86582.09,91987.67,29.5,HIGH,0
Excel Infotech 170,807366.89,322486.02,70.25,2923.99,14.98,80.95,Services,51.62,Male,South,Micro,21,8,72760.33,55933.32,55384.76,63587.15,58700.3,65779.14,56632.12,57042.27,65796.58,76639.09,83352.41,60769.15,5.0,HIGH,0
Krishna Traders 171,815703.53,307867.86,95.32,2296.26,5.38,100.0,Manufacturing,88.1,Male,West,Small,12,10,77644.69,98161.05,58177.92,93743.13,84349.33,68313.02,41319.11,48629.18,68164.6,61268.36,58280.66,59250.08,71.5,LOW,1
Krishna Logistics 172,692978.3,106424.72,100.0,3483.21,3.16,81.11,Retail,65.91,Female,Central,Micro,27,8,52308.07,53689.92,55903.22,68305.77,49688.47,45544.26,56854.71,33754.74,55600.97,48536.47,62597.28,67899.13,46.400001525878906,MEDIUM,0
Royal Exports 173,4871793.02,1121616.85,100.0,58257.47,2.41,97.37,Manufacturing,56.57,Male,North,Medium,27,50,419270.1,565009.62,373849.68,418728.0,371723.83,335306.89,310367.56,338196.55,424248.39,319250.93,506336.2,421128.99,94.9000015258789,LOW,1
Ganesh Chemicals 174,1102769.73,309801.18,61.12,16414.86,6.99,86.97,Services,68.74,Male,West,Micro,24,10,110947.99,119982.0,107611.56,90520.37,75714.04,58600.17,79024.36,95124.96,86403.1,111024.91,66191.6,98994.5,10.699999809265137,HIGH,0
Krishna Pharma 175,3782125.77,536755.13,89.52,53352.85,10.89,100.0,Manufacturing,76.16,Male,Central,Medium,29,10,380917.56,387721.94,289088.47,358331.38,314374.07,326104.92,214139.11,335371.94,278369.6,275459.09,436735.53,364978.58,76.19999694824219,LOW,1
Balaji Industries 176,1745832.83,340158.9,100.0,15368.12,3.65,77.17,Manufacturing,64.58,Male,Central,Micro,12,20,143881.07,143585.47,85988.43,119348.58,122897.67,113540.97,114774.43,130322.82,148641.9,175918.65,144877.02,112176.57,72.9000015258789,LOW,1
Krishna Pharma 177,2686515.03,562824.75,60.12,24575.7,12.27,100.0,Retail,80.31,Male,East,Small,4,25,254428.22,259220.06,211185.03,270811.63,206676.88,217794.99,185405.36,246426.6,190250.84,238968.24,243169.87,285471.89,25.5,HIGH,0
Sai Electronics 178,713919.69,95276.87,84.88,4592.12,1.25,71.2,Services,63.26,Female,North,Micro,15,4,87783.9,62596.34,61830.37,55814.52,63689.23,59906.75,51339.65,50269.67,51512.09,61780.52,68705.42,60258.6,33.099998474121094,HIGH,0
Krishna Associates 179,2362098.33,734850.38,89.11,28756.76,5.13,67.27,Services,81.31,Male,South,Small,22,15,217831.34,223820.76,200162.41,227472.43,167331.08,204725.65,182396.37,191339.92,213382.92,185805.4,232178.93,227192.35,50.0,MEDIUM,0
Anand Manufacturing Co 180,4269028.08,1605632.02,80.49,51482.17,5.25,61.06,Retail,78.63,Female,Central,Small,23,60,353686.08,387661.91,488579.91,358988.43,377789.34,278055.08,373897.64,282068.72,381066.14,386894.32,393948.15,415642.42,28.200000762939453,HIGH,0
Anand Handlooms 181,10815956.25,1182955.04,57.22,141185.05,6.01,100.0,Services,71.09,Male,Central,Medium,12,111,974014.65,708385.3,915312.09,947597.04,961478.52,851346.48,864750.98,707359.8,775588.54,889778.03,1102146.81,1161457.66,47.0,MEDIUM,0
Sai Handlooms 182,878525.37,247807.15,80.11,12030.36,4.13,89.47,Services,65.38,Male,West,Small,9,7,82354.68,96830.32,92701.62,71047.73,80522.96,87329.27,72417.46,55933.81,58783.35,68428.38,83934.74,77018.91,10.800000190734863,HIGH,0
Sai Associates 183,510724.85,208645.76,80.09,4049.72,4.89,73.32,Retail,74.27,Male,North,Micro,13,5,46152.6,47597.67,47465.94,45466.32,41267.95,51036.43,44770.01,25007.96,44715.66,46509.26,57227.44,30999.31,15.899999618530273,HIGH,0
Excel Constructions 184,1705403.36,672194.72,82.78,20611.41,1.21,95.49,Manufacturing,80.25,Female,North,Micro,24,13,156945.92,149194.47,157941.36,199676.3,200570.34,155637.22,133345.73,144196.22,137141.49,137585.03,163008.92,153200.79,47.79999923706055,MEDIUM,0
Krishna Manufacturing Co 185,478165.55,201943.99,76.55,6015.32,10.1,87.63,Services,100.0,Female,East,Micro,2,4,34640.02,41320.47,38982.29,52685.8,43824.8,39933.08,34254.7,30626.13,35955.41,34706.43,54874.52,43872.1,40.29999923706055,MEDIUM,0
Prime Industries 186,418981.59,112396.45,78.35,2662.94,7.67,100.0,Retail,86.09,Male,East,Micro,10,2,33146.58,41653.84,38706.33,40255.87,34771.62,28283.26,34749.48,26123.67,28628.8,37656.23,42157.77,31528.87,52.599998474121094,MEDIUM,0
Shakti Plastics 187,1273020.44,540567.73,84.4,17969.36,4.72,56.33,Retail,86.64,Female,North,Small,7,10,115071.23,104000.68,105033.46,115696.31,87503.71,112098.88,106460.65,74250.7,95945.04,103961.54,82275.34,115895.61,38.400001525878906,HIGH,0
Apex Traders 188,2002913.35,362760.24,91.64,7369.26,7.81,74.28,Manufacturing,100.0,Male,West,Small,24,22,180605.31,125041.33,191440.05,205863.13,156191.88,155435.87,158314.7,137595.46,143332.63,177265.34,247071.05,168737.4,48.70000076293945,MEDIUM,0
Sri Manufacturing Co 189,1542325.11,357110.63,80.43,23024.39,10.35,71.52,Retail,79.74,Female,East,Small,14,4,130497.24,154395.45,138656.35,164554.41,148163.76,132905.87,86858.94,138218.45,99697.98,118517.04,124932.36,109704.97,10.800000190734863,HIGH,0
Mahalaxmi Steel Works 190,1172581.39,180658.84,78.86,14218.88,5.94,50.37,Manufacturing,79.27,Male,North,Small,3,14,105542.18,119240.09,93803.38,93658.6,116586.15,84359.51,73804.91,109200.22,85816.03,79151.18,127252.68,114960.63,33.0,HIGH,0
Excel Manufacturing Co 191,1158797.94,320226.29,86.39,4248.02,16.19,92.84,Services,82.56,Male,North,Small,8,6,108127.14,106052.01,124073.66,104488.51,112035.44,89722.35,80031.82,61664.54,86509.26,120418.72,103127.51,94485.77,33.20000076293945,HIGH,0
Shakti Trading Co 192,1136917.79,278164.23,56.19,12168.28,6.36,74.21,Manufacturing,56.87,Female,East,Small,2,12,119148.12,88792.62,112749.54,75374.25,100565.86,92597.65,91474.45,76289.62,77029.69,115494.85,116815.01,95091.74,7.599999904632568,HIGH,0
Sri Handlooms 193,522875.15,94739.43,92.16,1530.58,1.45,88.35,Manufacturing,65.34,Male,West,Micro,14,5,47627.38,49988.27,45458.55,55737.68,33584.04,43098.24,37544.37,31306.81,42629.75,48830.14,41560.78,43340.65,65.69999694824219,MEDIUM,1
Anand Steel Works 194,2539986.33,1005194.25,84.99,30803.27,4.51,100.0,Services,64.41,Male,Central,Micro,29,27,248915.78,186990.24,241902.8,303498.13,215688.39,216853.52,214167.58,206695.57,217615.32,197255.41,246274.05,268161.14,51.900001525878906,MEDIUM,0
Apex Logistics 195,1883713.28,398999.94,85.6,23528.12,8.06,73.05,Manufacturing,81.71,Male,East,Small,17,19,160024.75,150333.74,173361.67,173914.44,121308.87,136725.72,162462.16,139237.95,154918.57,148327.69,160629.17,166751.34,33.79999923706055,HIGH,0
Ganesh Plastics 196,2529113.81,492109.45,99.41,25367.34,10.35,72.1,Manufacturing,69.39,Male,South,Small,26,36,253918.45,211738.7,205046.26,157184.22,155484.66,160529.36,214953.38,162123.9,174055.72,251783.35,277274.82,227939.26,54.20000076293945,MEDIUM,0
Excel Agro Tech 197,635593.24,85788.52,55.71,8396.67,4.21,79.66,Retail,74.07,Male,Central,Micro,22,5,62081.38,67555.43,59866.11,63280.78,52101.68,62835.97,54063.82,45534.91,50806.52,49627.32,60045.43,52870.08,17.600000381469727,HIGH,0
Sri Manufacturing Co 198,739607.18,195481.96,55.39,2753.96,1.32,91.82,Services,88.31,Female,East,Micro,26,8,77268.22,65982.26,62512.83,58323.58,63121.71,80742.39,44989.92,48662.38,53721.7,55199.02,74761.83,70450.11,42.29999923706055,MEDIUM,0
Global Infotech 199,1136226.24,235477.37,89.11,6759.46,2.9,70.07,Manufacturing,84.95,Female,South,Small,10,12,116302.81,99994.8,90890.21,93343.14,102098.67,96379.01,87772.69,100022.42,66455.19,120000.71,68021.05,121686.15,61.29999923706055,MEDIUM,1
Sai Exports 200,215560.88,50677.2,84.89,1654.91,0.72,69.17,Manufacturing,69.57,Male,East,Micro,28,1,21691.67,26299.75,15200.61,21513.79,18330.34,13731.79,14112.75,16530.19,17038.09,17647.31,18861.84,21065.69,39.900001525878906,HIGH,0
Anand Trading Co 201,407521.18,72994.72,87.55,1235.08,6.91,92.8,Services,61.95,Male,North,Micro,7,2,37124.56,40479.9,35939.39,38597.5,34820.43,28636.49,22094.15,31782.85,29899.67,42516.45,38346.78,40037.39,42.79999923706055,MEDIUM,0
Prime Logistics 202,656508.33,262948.2,78.07,5319.49,2.38,83.3,Services,89.03,Male,South,Small,13,5,62933.34,65087.17,66392.9,55507.75,44279.16,56170.47,45251.93,27914.34,65471.45,42778.51,60144.14,63792.13,36.70000076293945,HIGH,0
Sri Handlooms 203,527080.26,248044.71,94.97,3065.06,1.73,49.37,Retail,83.61,Male,East,Small,20,3,56510.31,46969.3,44007.0,43399.77,41053.42,50325.43,45512.51,36980.01,46114.13,46839.43,53455.64,37227.01,30.700000762939453,HIGH,0
Global Electronics 204,446490.47,129094.4,98.99,3308.13,7.46,60.84,Manufacturing,47.91,Male,Central,Micro,9,3,37246.03,38355.53,57349.33,41501.93,27345.19,29034.07,34385.46,41530.63,35475.68,48253.5,37404.29,34542.3,19.899999618530273,HIGH,0
Pioneer Enterprises 205,3148629.51,1102207.16,92.26,24602.71,12.09,99.02,Manufacturing,67.3,Female,West,Small,8,23,263690.73,199632.3,332451.66,269605.01,174289.63,245613.78,295458.26,267531.31,234507.63,260784.09,281133.79,271823.14,81.9000015258789,LOW,1
Apex Traders 206,793838.04,352632.66,81.09,10710.98,1.72,83.63,Manufacturing,74.48,Female,West,Micro,4,7,75398.63,85776.85,88464.54,60371.53,69799.01,64955.95,58703.81,40671.97,58393.97,62865.09,82832.57,63008.12,22.200000762939453,HIGH,0
Pioneer Agro Tech 207,3094948.68,1545953.01,53.38,18196.01,4.23,67.33,Manufacturing,83.68,Female,East,Small,1,16,303995.85,311625.45,322870.33,268265.54,217249.12,277919.29,304800.58,209027.35,188750.85,210497.75,180565.17,231646.67,43.400001525878906,MEDIUM,0
Shree Handlooms 208,996838.56,336609.38,96.54,13628.57,3.02,75.61,Retail,85.65,Male,North,Micro,15,12,80777.35,91518.36,118731.31,95573.46,89208.24,75153.81,73718.71,57913.66,52900.27,95540.62,96169.92,63853.81,50.20000076293945,MEDIUM,0
Prime Agro Tech 209,2400720.39,1089224.55,100.0,18784.77,10.73,78.19,Manufacturing,76.26,Male,South,Small,29,19,219489.64,221831.65,197341.69,213165.25,221564.23,146067.3,173517.5,213808.15,149802.41,175087.74,202139.99,170641.2,64.30000305175781,MEDIUM,1
Sai Enterprises 210,517313.48,238799.9,94.67,3413.03,3.36,88.3,Retail,80.78,Male,Central,Micro,7,5,47158.18,54194.65,29695.45,37187.81,37134.34,44952.36,30113.0,38005.42,36875.13,42049.32,39579.12,44303.79,59.400001525878906,MEDIUM,1
Excel Exports 211,1054764.73,434995.13,71.81,9262.31,1.18,58.98,Retail,72.96,Male,North,Micro,13,3,65119.71,76304.25,91729.38,110501.6,90859.06,97988.04,88636.27,66142.23,51810.58,70867.24,98212.99,92968.83,45.900001525878906,MEDIUM,0
Unity Plastics 212,2336949.76,639368.85,95.11,18045.44,3.52,66.23,Retail,61.89,Male,Central,Small,28,19,208964.98,200969.09,236050.56,125612.0,166592.76,183460.52,155661.46,166468.46,154084.1,237698.44,245283.94,183389.37,60.20000076293945,MEDIUM,1
Apex Pharma 213,608364.31,69405.05,97.91,3478.11,9.05,81.82,Manufacturing,68.08,Male,West,Micro,23,1,54924.09,47612.77,57990.54,51784.7,34812.77,51297.8,39569.78,26252.42,42055.75,58853.69,62330.15,54828.11,34.900001525878906,HIGH,0
Pioneer Enterprises 214,1073701.95,93023.75,100.0,9430.85,2.85,76.6,Services,72.28,Male,South,Micro,1,11,96891.2,128214.85,104208.17,88840.66,86538.4,79273.03,92207.65,63709.62,74596.35,88114.43,93243.03,89410.54,85.9000015258789,LOW,1
Vijay Enterprises 215,1077276.55,302094.49,71.86,4737.35,1.93,86.01,Retail,71.48,Female,West,Micro,15,7,120764.37,114984.23,120300.36,100463.78,79228.41,74767.93,91082.8,76764.06,69666.94,73450.41,108032.23,111648.76,16.600000381469727,HIGH,0
Vijay Manufacturing Co 216,1233324.21,354718.97,81.6,8508.86,3.22,60.79,Retail,43.72,Male,Central,Small,5,17,93240.48,77912.1,121538.11,121994.83,91155.64,113129.71,103927.73,98493.36,84011.54,125125.09,123555.29,107188.14,6.699999809265137,HIGH,0
Unity Industries 217,925987.29,232508.19,96.21,8863.9,1.22,83.0,Manufacturing,66.04,Female,North,Small,8,6,75029.39,67524.78,96648.08,98755.21,94989.73,77884.13,63079.02,46515.06,83673.25,72162.78,81002.89,91091.77,57.29999923706055,MEDIUM,1
Shakti Steel Works 218,2245023.54,715332.5,85.86,17213.95,3.02,93.28,Manufacturing,72.84,Male,North,Medium,8,21,126245.72,207600.01,179754.87,182925.86,136996.44,191581.04,160482.27,150008.49,177192.42,154428.3,178308.54,206058.03,89.5,LOW,1
Vijay Traders 219,847550.4,264358.04,68.24,10847.72,2.09,84.82,Services,67.78,Male,West,Micro,18,4,72714.24,74294.83,66015.31,84124.87,70922.34,82550.8,60504.61,69163.15,55736.41,51414.02,67967.63,59614.24,10.0,HIGH,0
Sri Electronics 220,955851.41,412332.77,91.22,5456.98,18.39,79.95,Retail,68.3,Male,Central,Micro,6,9,83136.23,72264.23,110658.9,89763.15,64353.58,63957.71,76936.09,52992.79,67922.61,71179.43,95373.88,83979.29,11.5,HIGH,0
Sri Infotech 221,546117.76,68612.04,93.68,7985.41,1.45,76.66,Manufacturing,79.32,Male,North,Micro,8,4,46633.19,66552.98,51670.62,37031.17,49104.54,39815.82,48506.65,40033.95,39042.47,35205.47,48101.3,39626.8,83.19999694824219,LOW,1
Sri Chemicals 222,1645068.64,287187.23,86.32,20249.19,1.92,66.31,Retail,55.82,Male,West,Small,7,11,177381.92,162478.57,138992.94,192863.29,136009.15,133862.73,125045.35,117739.95,104503.74,122974.32,122934.53,144148.8,34.599998474121094,HIGH,0
New Foods 223,5398108.92,2229754.16,88.29,78784.93,1.24,76.99,Retail,47.58,Male,North,Medium,11,27,563561.77,545551.87,456228.28,386184.19,451483.44,392769.23,504039.57,480943.72,342849.03,494811.62,357556.27,427066.46,49.5,MEDIUM,0
Mahalaxmi Manufacturing Co 224,2211309.33,964333.17,81.12,28695.51,5.17,95.64,Services,66.78,Female,West,Small,20,8,206853.24,186968.35,186034.48,214430.71,150188.71,196423.19,180727.4,151305.83,182827.9,172069.78,220465.13,208244.56,37.29999923706055,HIGH,0
Shakti Enterprises 225,3526935.99,1755801.03,100.0,15082.23,1.69,76.33,Manufacturing,83.46,Male,West,Small,12,14,307983.58,368795.63,293765.96,340581.46,247050.57,272472.04,245112.58,243520.48,237274.77,306335.75,286983.68,250888.39,61.0,MEDIUM,1
Mahalaxmi Associates 226,1537000.33,686459.77,71.49,13957.12,0.61,65.54,Services,97.31,Male,North,Micro,10,23,163992.18,136732.1,115681.76,146017.14,138546.86,103985.31,124479.68,122896.65,92230.25,112985.05,142989.89,137201.5,43.20000076293945,MEDIUM,0
Prime Handlooms 227,2459933.85,1116213.64,76.19,11376.53,3.9,71.11,Manufacturing,83.73,Male,West,Medium,16,18,226779.98,222216.49,177673.73,207769.57,246372.51,197466.88,222543.59,139651.27,175470.19,204820.75,258593.07,237917.51,34.20000076293945,HIGH,0
Shree Industries 228,1883506.81,399352.67,85.16,23972.98,2.69,80.81,Retail,49.98,Male,Central,Micro,18,4,152779.67,193983.8,170414.97,193153.46,159788.78,153543.55,176345.54,129061.66,137621.72,200057.29,134173.0,190601.8,46.400001525878906,MEDIUM,0
Apex Textiles 229,622416.38,154793.64,98.18,6100.94,1.78,72.77,Retail,68.51,Male,Central,Micro,1,8,42735.07,44372.78,52852.07,43492.42,42624.27,56411.82,52817.57,41095.36,31463.81,48639.61,54796.83,49083.6,43.79999923706055,MEDIUM,0
Global Manufacturing Co 230,1368586.79,263583.99,62.54,7928.38,10.52,84.79,Manufacturing,75.85,Male,North,Micro,26,3,118167.44,160048.86,148741.4,123622.55,113808.54,115202.97,98964.94,94970.89,97658.31,119356.48,118204.13,122223.69,8.5,HIGH,0
Balaji Trading Co 231,839738.77,281015.01,65.35,11857.1,5.32,85.32,Manufacturing,74.66,Female,South,Micro,27,6,86434.35,81391.85,81707.54,70129.23,90648.92,71367.25,58523.88,67085.98,68139.31,52982.01,78673.45,76860.96,6.599999904632568,HIGH,0
Anand Handlooms 232,660516.99,313282.05,54.43,2602.32,4.82,90.45,Retail,80.09,Female,South,Micro,18,7,81929.21,74289.36,64012.72,54136.64,53072.69,55026.34,51691.32,50702.03,50632.14,66882.69,69430.04,72484.84,22.5,HIGH,0
Shakti Pharma 233,328734.06,73882.71,85.49,3138.84,5.42,97.93,Services,58.24,Female,East,Micro,17,4,30676.81,26011.14,27223.95,31918.96,31718.48,25392.99,29626.14,20681.06,31495.8,25166.02,23327.89,22774.09,31.200000762939453,HIGH,0
Shree Steel Works 234,744948.65,233869.74,68.23,8576.6,5.19,91.94,Retail,72.97,Male,North,Micro,21,8,60972.84,60549.29,68171.53,78945.27,52404.62,52853.58,57153.43,53877.14,63521.42,71105.49,71675.2,57284.05,14.600000381469727,HIGH,0
Shakti Foods 235,744381.08,152185.62,79.23,2408.52,2.83,64.92,Services,78.3,Male,Central,Small,13,6,56594.24,57988.28,73136.01,64412.92,58534.32,61733.72,57276.88,64548.46,65058.89,60245.07,76190.37,94192.55,35.5,HIGH,0
Krishna Traders 236,1316519.98,199210.52,94.92,13129.92,1.71,65.35,Services,84.39,Female,West,Micro,11,19,131808.46,128869.16,135886.69,134169.99,113864.23,99419.73,95565.82,81666.71,134220.59,118514.42,113432.63,112457.99,60.70000076293945,MEDIUM,1
Apex Traders 237,1732799.99,280675.34,75.38,22004.42,3.98,76.94,Retail,59.91,Male,Central,Micro,11,5,117811.53,165097.49,159228.9,159261.85,145296.68,172651.66,118681.98,125477.77,138555.95,157262.14,150427.02,110561.13,16.899999618530273,HIGH,0
Excel Textiles 238,2724608.31,284277.58,88.47,9111.34,2.78,71.68,Services,66.82,Male,North,Medium,5,40,272723.81,239144.11,295049.25,215279.27,190824.18,260179.24,191492.2,187498.57,200400.45,209415.18,256665.31,221473.14,72.19999694824219,LOW,1
Global Pharma 239,1887918.34,903752.7,80.51,16808.21,1.11,62.06,Manufacturing,31.44,Male,North,Small,25,24,195974.92,151020.97,176171.96,165569.53,131258.17,164314.21,138757.57,132532.49,155342.52,181168.25,175998.62,98315.39,10.300000190734863,HIGH,0
Shakti Plastics 240,564760.52,140743.65,95.08,3237.19,2.44,71.82,Manufacturing,62.68,Female,Central,Micro,10,7,55637.09,43158.84,58897.86,49208.24,51317.28,47440.8,51166.56,30234.67,37146.12,41266.58,54432.68,52120.69,64.4000015258789,MEDIUM,1
Ganesh Industries 241,592798.87,255099.6,92.13,6394.26,7.59,71.36,Services,64.13,Male,South,Micro,9,3,53006.23,55520.34,51191.35,48429.33,55295.31,46499.3,41166.45,50902.0,43247.98,54584.06,56968.98,59213.72,11.100000381469727,HIGH,0
Global Chemicals 242,2391060.03,875506.66,74.62,9524.71,3.99,68.59,Services,56.71,Female,West,Small,28,10,239820.82,209828.18,162263.92,232155.15,232133.32,154109.09,173597.75,149772.04,154989.07,185618.97,180723.12,183846.6,42.099998474121094,MEDIUM,0
Pioneer Associates 243,796182.48,127872.39,82.47,11316.26,1.38,73.58,Manufacturing,74.48,Female,Central,Micro,15,8,75505.43,67390.2,77194.33,75191.82,80054.09,61235.62,49907.76,65110.04,60575.08,69092.85,81055.71,65908.2,55.400001525878906,MEDIUM,1
Balaji Textiles 244,1937050.17,297713.27,100.0,26506.8,0.99,94.5,Retail,71.16,Male,North,Micro,19,17,158201.38,225158.67,200182.9,134552.02,156382.72,156316.19,154533.34,124483.66,125472.82,148654.08,201748.38,196435.72,73.5,LOW,1
Prime Electronics 245,3188861.43,1342622.41,90.9,15385.24,8.92,80.79,Retail,38.11,Female,North,Medium,8,28,376693.29,297135.1,322864.06,218849.24,240569.19,262203.88,276798.07,204790.81,205356.51,264914.0,290547.16,209462.77,30.799999237060547,HIGH,0
Global Foods 246,1337778.53,255755.05,64.05,8750.17,2.96,100.0,Services,75.23,Male,North,Micro,9,18,117170.5,150255.62,132582.11,129819.37,127317.64,113828.2,119847.98,112060.67,102003.89,92526.54,92002.96,95534.26,30.399999618530273,HIGH,0
Balaji Pharma 247,1704371.04,790111.94,94.83,16780.28,3.15,80.39,Retail,58.08,Male,North,Small,22,17,175929.97,147935.52,150547.64,136473.63,149300.7,154201.91,126518.43,138796.5,119839.09,145755.38,148473.49,146612.76,50.400001525878906,MEDIUM,0
New Chemicals 248,2416640.73,335485.97,68.73,27732.84,6.32,73.94,Retail,79.29,Male,North,Small,14,15,142384.76,236366.99,197983.28,230457.38,163056.9,172152.38,189078.8,176628.24,123339.67,200588.92,220455.14,190957.73,38.900001525878906,HIGH,0
Balaji Exports 249,1298111.63,473340.33,100.0,10427.99,0.95,78.06,Retail,52.77,Female,Central,Small,5,9,143009.76,121450.06,131001.83,132298.39,86798.27,92613.1,91354.9,102500.88,72850.56,98365.41,95308.1,110525.32,36.900001525878906,HIGH,0
Balaji Electronics 250,791807.35,334205.28,100.0,3526.43,3.72,81.59,Retail,72.45,Male,West,Micro,25,3,89343.23,55679.89,78520.16,58464.83,67282.84,76637.54,61554.85,53686.63,47065.43,64750.88,66393.57,57156.71,62.70000076293945,MEDIUM,1
Vijay Logistics 251,766127.11,136989.41,89.35,2912.73,4.05,84.09,Retail,67.75,Male,Central,Micro,12,3,71155.8,87765.52,65398.2,55094.79,59014.9,67941.47,57786.52,54227.36,47719.61,64442.09,53552.47,70432.09,40.0,MEDIUM,0
Sri Steel Works 252,534359.58,104738.27,87.36,8013.83,1.03,100.0,Services,76.55,Male,Central,Micro,20,2,53549.98,49391.63,58092.44,60993.44,42118.61,39985.98,38828.66,34111.75,40749.7,39987.87,51679.77,46529.64,83.5,LOW,1
Ganesh Textiles 253,1130186.91,548251.33,81.86,9258.38,9.56,66.17,Retail,73.87,Male,Central,Micro,10,14,113255.84,118564.66,91387.82,108543.7,103825.3,88392.73,83094.52,90958.33,83807.53,91391.56,102672.42,108957.63,9.5,HIGH,0
Excel Chemicals 254,2247040.34,429479.05,95.18,30125.28,4.11,90.03,Manufacturing,68.17,Male,South,Small,17,25,187736.61,188081.05,191101.29,192104.82,198063.91,175863.12,172836.61,142684.28,187107.13,157336.63,150005.49,206158.65,89.69999694824219,LOW,1
Ganesh Traders 255,1092118.74,284586.44,79.44,9315.45,2.43,80.91,Manufacturing,48.96,Male,South,Micro,23,9,109268.47,100487.25,126775.23,85675.64,103664.21,87222.61,75198.92,94640.92,87263.64,121738.33,101907.81,100290.13,16.299999237060547,HIGH,0
Apex Food Products 256,3500732.63,915989.62,88.53,49113.43,2.98,56.0,Retail,49.84,Male,Central,Small,26,25,284428.14,287328.71,368791.77,294916.97,196764.96,297999.86,243000.36,236343.65,291749.61,334517.31,307671.23,244162.41,25.899999618530273,HIGH,0
Krishna Constructions 257,3350675.08,624145.64,98.08,12052.35,0.79,88.79,Services,63.24,Female,South,Small,7,36,281524.81,374724.33,295524.82,251090.06,275232.25,367618.14,303178.02,238193.2,262518.38,287603.28,320006.8,320493.93,74.5999984741211,LOW,1
Excel Foods 258,1345838.31,546184.6,76.57,5282.74,0.75,95.75,Manufacturing,71.88,Male,North,Small,20,17,145476.59,132902.94,130844.43,139049.89,117600.05,110024.39,136363.34,106234.79,99664.68,130484.33,112287.66,113923.63,29.200000762939453,HIGH,0
Global Chemicals 259,978111.53,395329.91,75.76,13811.33,2.21,66.0,Manufacturing,62.88,Female,West,Micro,27,13,103661.76,97359.75,93280.39,78835.84,59678.13,85476.6,57729.11,69567.0,81804.55,56707.27,76275.73,84942.64,16.200000762939453,HIGH,0
Prime Constructions 260,594248.27,141962.09,67.08,8523.7,2.35,77.87,Retail,81.38,Male,Central,Micro,19,5,49124.37,67485.57,32575.82,63105.5,42405.99,35286.8,34719.3,40232.5,48548.52,30200.89,46583.1,61251.88,25.200000762939453,HIGH,0
New Industries 261,4106034.96,1768686.19,69.03,26418.1,2.79,53.85,Manufacturing,67.81,Male,Central,Medium,5,52,337882.09,454571.72,330662.05,352080.47,283964.15,302645.15,253310.23,289684.63,311427.03,318291.75,334574.4,326254.81,32.0,HIGH,0
Unity Foods 262,1202754.95,203856.71,57.57,8346.59,10.23,60.38,Services,57.52,Male,Central,Small,6,10,100441.32,126499.67,111246.29,92554.16,95489.14,113228.11,85297.35,96667.65,102816.92,78667.26,106912.05,128841.15,7.400000095367432,HIGH,0
Sai Food Products 263,3649260.69,298540.27,95.95,29762.01,6.05,92.67,Manufacturing,67.83,Male,North,Small,6,30,374504.86,270864.04,321930.96,311631.37,359296.55,307581.51,298193.52,232909.12,169811.69,290226.46,330645.78,395463.45,71.4000015258789,LOW,1
Royal Pharma 264,4867737.5,1557141.97,100.0,37491.42,0.32,71.47,Manufacturing,75.39,Female,West,Medium,4,64,382575.85,411319.51,470507.69,269279.6,502072.7,132188.58,381742.27,338444.74,334256.58,413759.28,419127.88,482523.41,95.0,LOW,1
Apex Textiles 265,1455682.52,724220.49,100.0,7097.28,8.77,62.48,Services,76.87,Male,Central,Small,22,10,141799.39,116654.7,158661.48,130395.38,101124.41,127409.56,107565.01,103323.56,99718.16,136602.43,120837.1,110585.07,51.599998474121094,MEDIUM,0
Pioneer Logistics 266,1474253.19,141868.28,60.61,20241.04,2.19,81.21,Manufacturing,100.0,Male,West,Micro,28,10,151585.52,154265.67,130778.8,131063.26,125878.78,150904.53,114622.58,118030.32,124146.18,100806.55,123788.32,88248.18,47.20000076293945,MEDIUM,0
Excel Plastics 267,548362.75,91773.55,95.87,3107.21,6.54,70.69,Manufacturing,61.97,Male,Central,Small,15,3,50032.38,53059.09,43001.04,56215.72,47031.69,30538.93,35400.25,38280.49,48650.09,47926.63,66890.02,56746.22,54.70000076293945,MEDIUM,0
Shree Logistics 268,296499.71,88340.35,100.0,3355.16,2.37,71.41,Manufacturing,70.9,Female,Central,Micro,18,2,31569.09,22138.48,28981.47,19395.96,24827.59,28939.92,20576.06,26712.62,16656.86,24501.15,23243.07,26850.27,83.80000305175781,LOW,1
Shree Exports 269,2416714.01,1015443.07,78.15,8070.49,3.88,88.35,Manufacturing,78.39,Male,East,Small,23,22,213257.75,221547.58,214211.2,258899.93,202690.79,112227.42,173561.71,167251.16,210237.81,209661.62,196286.22,191193.97,68.19999694824219,MEDIUM,1
Anand Exports 270,4182940.21,491067.32,86.52,12483.53,0.88,61.74,Manufacturing,71.65,Male,North,Medium,13,44,374362.36,306191.21,380739.19,428579.31,346096.17,379280.26,229713.09,285876.38,247546.91,318020.01,553961.81,438157.11,77.5,LOW,1
Prime Food Products 271,919951.26,226306.68,54.88,9817.38,4.69,65.32,Manufacturing,64.49,Female,East,Micro,14,7,72592.94,86099.94,81990.29,99688.61,91228.06,73031.17,54724.43,63524.42,54742.32,91594.0,86693.2,71350.1,9.699999809265137,HIGH,0
Bharat Enterprises 272,418174.78,164665.45,89.0,2817.54,7.15,80.16,Manufacturing,48.76,Female,South,Micro,18,2,44565.41,29656.08,52081.96,37848.16,38564.46,21523.24,25055.22,23783.08,28968.12,33945.93,29393.92,34876.8,13.5,HIGH,0
Bharat Pharma 273,802298.46,189381.07,69.05,8579.17,0.44,91.57,Manufacturing,64.34,Female,North,Micro,9,10,65653.87,81696.34,49644.18,84324.8,53393.16,68041.72,64417.08,48016.89,54852.32,83760.47,80104.08,77086.5,19.899999618530273,HIGH,0
Global Manufacturing Co 274,11051154.25,1760573.71,87.99,40615.92,7.24,95.33,Retail,55.89,Male,North,Medium,2,75,1075439.36,1101721.4,970011.02,785696.48,978908.99,1030088.05,825360.5,720854.0,607953.53,803206.09,845847.2,819897.89,33.29999923706055,HIGH,0
Shree Plastics 275,1225614.16,198682.16,61.58,17615.93,1.7,68.69,Retail,46.1,Male,West,Micro,17,17,112112.29,148721.72,114168.64,123771.2,109970.77,102740.52,96378.58,101658.03,96571.83,112320.58,123450.91,107371.92,18.0,HIGH,0
Global Industries 276,883552.59,222850.07,93.14,10475.78,12.8,91.12,Retail,60.06,Male,East,Micro,24,4,68795.08,93959.52,72701.31,71281.96,73222.8,76393.85,46083.1,62306.32,69900.14,72202.73,75838.92,91554.29,11.0,HIGH,0
Global Exports 277,651691.04,183356.64,100.0,8767.42,6.63,67.02,Manufacturing,56.29,Female,East,Micro,3,6,54752.16,57582.89,68938.38,44726.19,60323.55,48603.42,36497.43,42827.89,54186.31,51094.52,53954.51,59883.8,41.599998474121094,MEDIUM,0
Anand Electronics 278,666347.37,294500.25,73.25,2802.58,5.72,100.0,Retail,80.76,Male,West,Micro,7,6,74393.2,70580.25,69682.32,50539.94,54218.64,38178.39,52775.05,55912.41,44730.44,60156.15,73321.01,70456.54,30.600000381469727,HIGH,0
Shree Associates 279,279918.53,97900.39,67.95,1820.03,3.0,62.13,Services,81.02,Female,East,Micro,8,3,26665.15,20872.1,25902.58,25558.0,22817.29,24559.6,11759.49,24453.66,19977.67,22045.36,26919.71,29171.63,48.099998474121094,MEDIUM,0
Mahalaxmi Trading Co 280,923266.34,341579.76,52.66,6559.16,20.86,96.6,Services,58.44,Male,West,Micro,24,3,72446.0,74529.34,82558.1,73814.58,74390.89,92651.59,78723.84,77753.31,65984.16,45731.36,93781.45,82330.17,3.4000000953674316,HIGH,0
Global Trading Co 281,1238726.48,610512.06,81.0,11414.44,2.2,68.81,Manufacturing,68.1,Male,North,Micro,15,17,119782.69,122706.51,113515.09,119383.24,68349.9,115148.82,64826.44,76554.93,111453.82,55214.47,116962.57,71659.75,25.0,HIGH,0
Sri Trading Co 282,369181.31,93393.36,76.28,2292.93,1.14,100.0,Manufacturing,44.13,Male,Central,Micro,16,3,33387.64,23554.28,33868.24,24544.93,28862.64,20595.47,29957.89,24220.27,15237.15,36251.62,30542.27,27428.61,10.899999618530273,HIGH,0
Shree Electronics 283,583117.72,145434.72,61.73,1899.73,1.77,86.28,Manufacturing,64.58,Male,East,Micro,19,5,81851.93,54707.06,53709.84,36224.06,41519.27,35818.83,36405.83,52568.68,35856.0,56954.92,56426.83,57884.8,9.399999618530273,HIGH,0
Vijay Exports 284,455030.85,212866.04,91.8,3235.72,8.22,63.78,Manufacturing,77.98,Female,North,Micro,9,4,43873.18,36359.57,41214.61,50057.84,29600.26,31580.17,37934.98,33414.53,32696.48,48142.37,47649.26,31104.71,30.899999618530273,HIGH,0
Prime Textiles 285,500907.75,91800.23,78.25,2846.09,3.82,70.69,Retail,84.37,Male,Central,Micro,21,1,43671.35,47975.82,48454.38,51892.75,48165.53,30302.62,53446.37,34074.3,30107.03,41194.59,45297.32,42429.19,26.799999237060547,HIGH,0
Shree Pharma 286,1667341.19,644464.72,68.86,12211.63,3.32,88.94,Retail,61.3,Male,West,Small,1,14,187006.66,131874.0,172960.12,128169.23,141923.22,133413.84,79152.56,130897.15,115069.73,110826.02,187731.57,156049.08,15.100000381469727,HIGH,0
Bharat Steel Works 287,286258.85,113622.07,76.68,1420.41,2.24,92.74,Manufacturing,87.78,Male,North,Micro,4,1,19159.08,28725.47,21756.83,26103.48,22551.57,24097.23,22771.32,23352.49,20163.53,22118.37,28610.7,31117.31,37.599998474121094,HIGH,0
New Plastics 288,1103489.55,133600.54,100.0,6371.22,3.16,77.01,Retail,49.26,Male,North,Micro,24,7,103476.06,104409.55,86640.36,116065.92,79925.91,68897.05,57929.76,71500.94,71410.11,91145.99,100922.39,89809.53,47.29999923706055,MEDIUM,0
Mahalaxmi Manufacturing Co 289,1183255.81,327356.23,94.04,12231.2,2.08,78.63,Retail,53.29,Male,North,Micro,20,12,142138.92,135082.3,81358.89,114735.53,97796.13,105019.88,90691.42,86617.72,85774.39,82829.22,108839.1,95219.06,26.700000762939453,HIGH,0
Prime Foods 290,715904.12,117577.4,83.05,5263.27,6.18,88.62,Manufacturing,82.64,Male,South,Micro,6,6,65041.23,67609.56,75396.51,66763.64,65077.81,62037.54,49970.22,57787.72,56241.88,73628.63,64763.33,63263.47,41.79999923706055,MEDIUM,0
Sri Food Products 291,234802.16,50000.0,94.29,1600.71,2.73,79.85,Services,97.07,Male,North,Micro,13,1,16065.97,19598.13,22706.17,24939.74,16276.07,17129.55,17243.09,13744.3,16260.38,25864.86,16906.39,22014.5,61.900001525878906,MEDIUM,1
Pioneer Manufacturing Co 292,493186.91,135531.61,67.59,4524.41,1.8,59.89,Manufacturing,79.4,Male,West,Micro,2,1,42893.6,44806.16,49450.71,40061.61,38999.81,38188.44,30668.06,35016.93,33001.72,43584.05,43124.96,42911.47,37.70000076293945,HIGH,0
Krishna Foods 293,3006992.5,606090.84,85.49,36529.72,7.68,66.62,Services,71.39,Male,East,Small,20,14,338698.52,226489.63,220167.69,275609.21,268941.04,169115.84,241967.35,177483.43,210521.57,247542.53,275379.97,309984.78,37.599998474121094,HIGH,0
Vijay Pharma 294,202370.55,83851.3,87.21,1464.32,1.19,81.29,Manufacturing,39.07,Male,Central,Micro,22,1,19767.43,20255.59,23911.77,18412.72,11363.87,15284.51,11410.59,12226.04,14513.16,13445.47,16818.37,15864.32,48.5,MEDIUM,0
Apex Electronics 295,682208.84,314630.66,77.95,6715.66,3.86,95.02,Services,41.66,Male,West,Micro,9,6,55142.23,70057.0,57777.41,59691.13,53520.03,54288.19,58295.05,44264.48,36193.7,69301.32,63533.23,61859.1,6.900000095367432,HIGH,0
Anand Constructions 296,449932.31,187685.96,91.53,6558.9,0.24,100.0,Services,73.94,Male,West,Micro,11,2,37326.16,58170.49,42993.45,38647.02,33312.4,36669.96,30420.98,34168.82,34539.73,37524.56,40009.02,42751.47,69.69999694824219,MEDIUM,1
Sri Industries 297,1213644.01,232695.57,73.29,10952.84,0.67,88.91,Services,66.63,Male,East,Micro,7,16,102796.52,103820.1,127612.9,111930.26,94113.08,101954.0,69029.73,81856.45,81239.94,95732.4,120060.82,101608.78,17.799999237060547,HIGH,0
Sunrise Logistics 298,579137.87,113010.91,92.65,8034.07,2.45,82.02,Services,55.41,Female,North,Micro,12,2,56450.39,52443.47,45986.57,53107.11,42381.33,47721.66,51698.42,37051.55,49447.84,51200.46,56440.26,58080.69,54.79999923706055,MEDIUM,0
Unity Pharma 299,1986683.08,371481.74,93.28,24676.41,2.04,88.48,Services,72.98,Female,North,Small,8,7,220568.78,171244.5,169992.2,152740.81,160460.58,151657.76,141663.84,141885.24,155281.41,149422.99,180512.9,180906.33,75.0999984741211,LOW,1
Balaji Textiles 300,2153769.69,294454.78,41.24,6965.26,2.04,68.67,Retail,73.73,Male,West,Small,8,28,230582.8,209660.54,206134.46,220118.61,219616.09,178550.6,199539.56,126377.39,181771.16,181505.26,151756.22,214534.04,21.100000381469727,HIGH,0
